{
    "generalQuestions": [{
        "q": "What is founder$hare (sometimes abbreviated F$) ?",
        "a": "The technical definition of a Founder$hare is a digital lorem ipsum dolor sit amet, consectetur adipiscing elit. Aliquam non sollicitudin elit. Nam lacinia id eros nec porta. Ut tempor dictum viverra. Aliquam erat volutpat. Sed eget commodo urna. Curabitur vitae malesuada elit. Donec euismod risus eget convallis sagittis. Nam tincidunt, lacus iaculis imperdiet dapibus, lectus eros rutrum diam, ac elementum augue odio sit amet quam."
    }, {
        "q": "You say it “Easy to Use”. What does it mean?",
        "a": "Nam tincidunt, lacus iaculis imperdiet dapibus, lectus eros rutrum diam, ac elementum augue odio sit amet quam."
    }, {
        "q": "What is closed loop gift cards?",
        "a": "Lectus eros rutrum diam, ac elementum augue odio sit amet quam."
    }, {
        "q": "Who is the Champion?",
        "a": "Nam tincidunt, lacus iaculis imperdiet dapibus, lectus eros rutrum diam, ac elementum augue odio sit amet quam."
    }, {
        "q": "Who is the Business Owner?",
        "a": "Lectus eros rutrum diam, ac elementum augue odio sit amet quam."
    }, {
        "q": "What is founder$hare (sometimes abbreviated F$) ?",
        "a": "The technical definition of a Founder$hare is a digital lorem ipsum dolor sit amet, consectetur adipiscing elit. Aliquam non sollicitudin elit. Nam lacinia id eros nec porta. Ut tempor dictum viverra. Aliquam erat volutpat. Sed eget commodo urna. Curabitur vitae malesuada elit. Donec euismod risus eget convallis sagittis. Nam tincidunt, lacus iaculis imperdiet dapibus, lectus eros rutrum diam, ac elementum augue odio sit amet quam."
    }, {
        "q": "You say it “Easy to Use”. What does it mean?",
        "a": "Nam tincidunt, lacus iaculis imperdiet dapibus, lectus eros rutrum diam, ac elementum augue odio sit amet quam."
    }, {
        "q": "What is closed loop gift cards?",
        "a": "Lectus eros rutrum diam, ac elementum augue odio sit amet quam."
    }, {
        "q": "Who is the Champion?",
        "a": "Nam tincidunt, lacus iaculis imperdiet dapibus, lectus eros rutrum diam, ac elementum augue odio sit amet quam."
    }, {
        "q": "Who is the Business Owner?",
        "a": "Lectus eros rutrum diam, ac elementum augue odio sit amet quam."
    }, {
        "q": "You say it “Easy to Use”. What does it mean?",
        "a": "Nam tincidunt, lacus iaculis imperdiet dapibus, lectus eros rutrum diam, ac elementum augue odio sit amet quam."
    }, {
        "q": "What is closed loop gift cards?",
        "a": "Lectus eros rutrum diam, ac elementum augue odio sit amet quam."
    }]
}
