{
    "mycart": {
        "id": 123,
        "name": "Business Name",
        "founder": "Founder's Name",
        "activation": "12/23/2014 10:00 PM",
        "logo": "i/business-logo-2.png",
        "offer": {
            "discount": "30",
            "expiration": null,
            "remain": 120,
            "remainPercentage": 65
        },
        "cart": {
            "available": "$120",
            "discount": "30%",
            "total": 120,
            "price": 84.00
        }
    }
}
